{
    "defaultui":{
        "time_stamp":5728520072.766800,
        "version":0.800000
    },
    "lib_common_ai":{
        "time_stamp":175039507.913200,
        "version":0.700000
    },
    "lib_control":{
        "time_stamp":5727582805.272100,
        "version":0.800000
    },
    "script":{
        "time_stamp":261125066.989300,
        "version":0.800000
    },
    "smallcard_get_items":{
        "time_stamp":5727730941.956800,
        "version":0.800000
    },
    "smallcard_inventory":{
        "time_stamp":5727804172.564900,
        "version":0.800000
    },
    "smallcard_mail":{
        "time_stamp":5727878493.944900,
        "version":0.800000
    },
    "smallcard_store":{
        "time_stamp":5727958172.794400,
        "version":0.800000
    },
    "smallcard_unit_attr_panel":{
        "time_stamp":195568247.017800,
        "version":0.700000
    }
}