{
    "defaultui":{
        "time_stamp":5728520153.226700,
        "version":0.800000
    },
    "lib_common_ai":{
        "time_stamp":175039539.179600,
        "version":0.700000
    },
    "lib_control":{
        "time_stamp":5727582936.403400,
        "version":0.800000
    },
    "script":{
        "time_stamp":261125900.861900,
        "version":0.800000
    },
    "smallcard_get_items":{
        "time_stamp":5727730972.540400,
        "version":0.800000
    },
    "smallcard_inventory":{
        "time_stamp":5727804365.274500,
        "version":0.800000
    },
    "smallcard_mail":{
        "time_stamp":5727878776.351000,
        "version":0.800000
    },
    "smallcard_store":{
        "time_stamp":5727958490.188400,
        "version":0.800000
    },
    "smallcard_unit_attr_panel":{
        "time_stamp":195568549.993500,
        "version":0.700000
    }
}